region_code,region,source_region_name,year,infant_mortality_per_1000
SSF,Sub-Saharan Africa,Sub-Saharan Africa,1990,102.1
SAS,South Asia,South Asia,1990,85.5
MEA,"Middle East, North Africa, Afghanistan & Pakistan","Middle East, North Africa, Afghanistan & Pakistan",1990,79.1
EAS,East Asia & Pacific,East Asia & Pacific,1990,44.5
LCN,Latin America & Caribbean,Latin America & Caribbean,1990,44.1
ECS,Europe & Central Asia,Europe & Central Asia,1990,25.6
NAC,North America,North America,1990,9.2
SSF,Sub-Saharan Africa,Sub-Saharan Africa,1991,102.9
SAS,South Asia,South Asia,1991,83.4
MEA,"Middle East, North Africa, Afghanistan & Pakistan","Middle East, North Africa, Afghanistan & Pakistan",1991,77.3
EAS,East Asia & Pacific,East Asia & Pacific,1991,43.8
LCN,Latin America & Caribbean,Latin America & Caribbean,1991,42.3
ECS,Europe & Central Asia,Europe & Central Asia,1991,25.3
NAC,North America,North America,1991,8.9
SSF,Sub-Saharan Africa,Sub-Saharan Africa,1992,102.3
SAS,South Asia,South Asia,1992,81.3
MEA,"Middle East, North Africa, Afghanistan & Pakistan","Middle East, North Africa, Afghanistan & Pakistan",1992,75.6
EAS,East Asia & Pacific,East Asia & Pacific,1992,42.7
LCN,Latin America & Caribbean,Latin America & Caribbean,1992,40.4
ECS,Europe & Central Asia,Europe & Central Asia,1992,25.0
NAC,North America,North America,1992,8.6
SSF,Sub-Saharan Africa,Sub-Saharan Africa,1993,101.4
SAS,South Asia,South Asia,1993,79.3
MEA,"Middle East, North Africa, Afghanistan & Pakistan","Middle East, North Africa, Afghanistan & Pakistan",1993,74.3
EAS,East Asia & Pacific,East Asia & Pacific,1993,41.6
LCN,Latin America & Caribbean,Latin America & Caribbean,1993,38.6
ECS,Europe & Central Asia,Europe & Central Asia,1993,24.7
NAC,North America,North America,1993,8.3
SSF,Sub-Saharan Africa,Sub-Saharan Africa,1994,100.0
SAS,South Asia,South Asia,1994,77.3
MEA,"Middle East, North Africa, Afghanistan & Pakistan","Middle East, North Africa, Afghanistan & Pakistan",1994,73.2
EAS,East Asia & Pacific,East Asia & Pacific,1994,40.3
LCN,Latin America & Caribbean,Latin America & Caribbean,1994,36.7
ECS,Europe & Central Asia,Europe & Central Asia,1994,24.0
NAC,North America,North America,1994,8.0
SSF,Sub-Saharan Africa,Sub-Saharan Africa,1995,97.6
SAS,South Asia,South Asia,1995,75.4
MEA,"Middle East, North Africa, Afghanistan & Pakistan","Middle East, North Africa, Afghanistan & Pakistan",1995,71.8
EAS,East Asia & Pacific,East Asia & Pacific,1995,39.4
LCN,Latin America & Caribbean,Latin America & Caribbean,1995,35.0
ECS,Europe & Central Asia,Europe & Central Asia,1995,23.3
NAC,North America,North America,1995,7.7
SSF,Sub-Saharan Africa,Sub-Saharan Africa,1996,98.4
SAS,South Asia,South Asia,1996,73.4
MEA,"Middle East, North Africa, Afghanistan & Pakistan","Middle East, North Africa, Afghanistan & Pakistan",1996,70.2
EAS,East Asia & Pacific,East Asia & Pacific,1996,38.0
LCN,Latin America & Caribbean,Latin America & Caribbean,1996,33.3
ECS,Europe & Central Asia,Europe & Central Asia,1996,22.1
NAC,North America,North America,1996,7.5
SSF,Sub-Saharan Africa,Sub-Saharan Africa,1997,96.6
SAS,South Asia,South Asia,1997,71.3
MEA,"Middle East, North Africa, Afghanistan & Pakistan","Middle East, North Africa, Afghanistan & Pakistan",1997,68.3
EAS,East Asia & Pacific,East Asia & Pacific,1997,36.5
LCN,Latin America & Caribbean,Latin America & Caribbean,1997,31.6
ECS,Europe & Central Asia,Europe & Central Asia,1997,21.1
NAC,North America,North America,1997,7.3
SSF,Sub-Saharan Africa,Sub-Saharan Africa,1998,96.2
SAS,South Asia,South Asia,1998,69.2
MEA,"Middle East, North Africa, Afghanistan & Pakistan","Middle East, North Africa, Afghanistan & Pakistan",1998,66.3
EAS,East Asia & Pacific,East Asia & Pacific,1998,35.0
LCN,Latin America & Caribbean,Latin America & Caribbean,1998,30.2
ECS,Europe & Central Asia,Europe & Central Asia,1998,20.0
NAC,North America,North America,1998,7.2
SSF,Sub-Saharan Africa,Sub-Saharan Africa,1999,91.7
SAS,South Asia,South Asia,1999,67.1
MEA,"Middle East, North Africa, Afghanistan & Pakistan","Middle East, North Africa, Afghanistan & Pakistan",1999,64.5
EAS,East Asia & Pacific,East Asia & Pacific,1999,33.4
LCN,Latin America & Caribbean,Latin America & Caribbean,1999,28.5
ECS,Europe & Central Asia,Europe & Central Asia,1999,18.9
NAC,North America,North America,1999,7.1
SSF,Sub-Saharan Africa,Sub-Saharan Africa,2000,88.9
SAS,South Asia,South Asia,2000,64.9
MEA,"Middle East, North Africa, Afghanistan & Pakistan","Middle East, North Africa, Afghanistan & Pakistan",2000,62.5
EAS,East Asia & Pacific,East Asia & Pacific,2000,31.6
LCN,Latin America & Caribbean,Latin America & Caribbean,2000,27.1
ECS,Europe & Central Asia,Europe & Central Asia,2000,17.5
NAC,North America,North America,2000,7.0
SSF,Sub-Saharan Africa,Sub-Saharan Africa,2001,86.7
SAS,South Asia,South Asia,2001,62.7
MEA,"Middle East, North Africa, Afghanistan & Pakistan","Middle East, North Africa, Afghanistan & Pakistan",2001,60.5
EAS,East Asia & Pacific,East Asia & Pacific,2001,30.0
LCN,Latin America & Caribbean,Latin America & Caribbean,2001,25.8
ECS,Europe & Central Asia,Europe & Central Asia,2001,16.6
NAC,North America,North America,2001,6.9
SSF,Sub-Saharan Africa,Sub-Saharan Africa,2002,82.7
SAS,South Asia,South Asia,2002,60.6
MEA,"Middle East, North Africa, Afghanistan & Pakistan","Middle East, North Africa, Afghanistan & Pakistan",2002,58.6
EAS,East Asia & Pacific,East Asia & Pacific,2002,28.3
LCN,Latin America & Caribbean,Latin America & Caribbean,2002,24.6
ECS,Europe & Central Asia,Europe & Central Asia,2002,15.6
NAC,North America,North America,2002,6.8
SSF,Sub-Saharan Africa,Sub-Saharan Africa,2003,79.4
SAS,South Asia,South Asia,2003,58.6
MEA,"Middle East, North Africa, Afghanistan & Pakistan","Middle East, North Africa, Afghanistan & Pakistan",2003,57.0
EAS,East Asia & Pacific,East Asia & Pacific,2003,26.3
LCN,Latin America & Caribbean,Latin America & Caribbean,2003,23.5
ECS,Europe & Central Asia,Europe & Central Asia,2003,14.6
NAC,North America,North America,2003,6.8
SSF,Sub-Saharan Africa,Sub-Saharan Africa,2004,76.5
SAS,South Asia,South Asia,2004,56.6
MEA,"Middle East, North Africa, Afghanistan & Pakistan","Middle East, North Africa, Afghanistan & Pakistan",2004,55.1
EAS,East Asia & Pacific,East Asia & Pacific,2004,25.0
LCN,Latin America & Caribbean,Latin America & Caribbean,2004,22.4
ECS,Europe & Central Asia,Europe & Central Asia,2004,13.8
NAC,North America,North America,2004,6.7
SSF,Sub-Saharan Africa,Sub-Saharan Africa,2005,72.1
SAS,South Asia,South Asia,2005,54.6
MEA,"Middle East, North Africa, Afghanistan & Pakistan","Middle East, North Africa, Afghanistan & Pakistan",2005,53.4
EAS,East Asia & Pacific,East Asia & Pacific,2005,23.2
LCN,Latin America & Caribbean,Latin America & Caribbean,2005,21.5
ECS,Europe & Central Asia,Europe & Central Asia,2005,13.0
NAC,North America,North America,2005,6.6
SSF,Sub-Saharan Africa,Sub-Saharan Africa,2006,69.1
SAS,South Asia,South Asia,2006,52.6
MEA,"Middle East, North Africa, Afghanistan & Pakistan","Middle East, North Africa, Afghanistan & Pakistan",2006,52.0
EAS,East Asia & Pacific,East Asia & Pacific,2006,21.7
LCN,Latin America & Caribbean,Latin America & Caribbean,2006,20.6
ECS,Europe & Central Asia,Europe & Central Asia,2006,12.3
NAC,North America,North America,2006,6.6
SSF,Sub-Saharan Africa,Sub-Saharan Africa,2007,66.5
SAS,South Asia,South Asia,2007,50.6
MEA,"Middle East, North Africa, Afghanistan & Pakistan","Middle East, North Africa, Afghanistan & Pakistan",2007,50.5
EAS,East Asia & Pacific,East Asia & Pacific,2007,20.4
LCN,Latin America & Caribbean,Latin America & Caribbean,2007,19.8
ECS,Europe & Central Asia,Europe & Central Asia,2007,11.6
NAC,North America,North America,2007,6.5
SSF,Sub-Saharan Africa,Sub-Saharan Africa,2008,64.1
SAS,South Asia,South Asia,2008,48.7
MEA,"Middle East, North Africa, Afghanistan & Pakistan","Middle East, North Africa, Afghanistan & Pakistan",2008,49.1
EAS,East Asia & Pacific,East Asia & Pacific,2008,19.6
LCN,Latin America & Caribbean,Latin America & Caribbean,2008,19.1
ECS,Europe & Central Asia,Europe & Central Asia,2008,11.0
NAC,North America,North America,2008,6.4
SSF,Sub-Saharan Africa,Sub-Saharan Africa,2009,63.0
SAS,South Asia,South Asia,2009,46.7
MEA,"Middle East, North Africa, Afghanistan & Pakistan","Middle East, North Africa, Afghanistan & Pakistan",2009,47.8
EAS,East Asia & Pacific,East Asia & Pacific,2009,18.1
LCN,Latin America & Caribbean,Latin America & Caribbean,2009,18.5
ECS,Europe & Central Asia,Europe & Central Asia,2009,10.4
NAC,North America,North America,2009,6.2
SSF,Sub-Saharan Africa,Sub-Saharan Africa,2010,60.6
SAS,South Asia,South Asia,2010,44.7
MEA,"Middle East, North Africa, Afghanistan & Pakistan","Middle East, North Africa, Afghanistan & Pakistan",2010,46.5
EAS,East Asia & Pacific,East Asia & Pacific,2010,17.2
LCN,Latin America & Caribbean,Latin America & Caribbean,2010,18.5
ECS,Europe & Central Asia,Europe & Central Asia,2010,9.9
NAC,North America,North America,2010,6.1
SSF,Sub-Saharan Africa,Sub-Saharan Africa,2011,60.5
SAS,South Asia,South Asia,2011,42.7
MEA,"Middle East, North Africa, Afghanistan & Pakistan","Middle East, North Africa, Afghanistan & Pakistan",2011,45.0
EAS,East Asia & Pacific,East Asia & Pacific,2011,16.3
LCN,Latin America & Caribbean,Latin America & Caribbean,2011,17.3
ECS,Europe & Central Asia,Europe & Central Asia,2011,9.4
NAC,North America,North America,2011,6.0
SSF,Sub-Saharan Africa,Sub-Saharan Africa,2012,57.2
SAS,South Asia,South Asia,2012,40.8
MEA,"Middle East, North Africa, Afghanistan & Pakistan","Middle East, North Africa, Afghanistan & Pakistan",2012,43.7
EAS,East Asia & Pacific,East Asia & Pacific,2012,15.3
LCN,Latin America & Caribbean,Latin America & Caribbean,2012,16.9
ECS,Europe & Central Asia,Europe & Central Asia,2012,9.1
NAC,North America,North America,2012,5.9
SSF,Sub-Saharan Africa,Sub-Saharan Africa,2013,55.6
SAS,South Asia,South Asia,2013,38.8
MEA,"Middle East, North Africa, Afghanistan & Pakistan","Middle East, North Africa, Afghanistan & Pakistan",2013,42.3
EAS,East Asia & Pacific,East Asia & Pacific,2013,14.6
LCN,Latin America & Caribbean,Latin America & Caribbean,2013,16.4
ECS,Europe & Central Asia,Europe & Central Asia,2013,8.8
NAC,North America,North America,2013,5.8
SSF,Sub-Saharan Africa,Sub-Saharan Africa,2014,55.1
SAS,South Asia,South Asia,2014,37.0
MEA,"Middle East, North Africa, Afghanistan & Pakistan","Middle East, North Africa, Afghanistan & Pakistan",2014,40.9
EAS,East Asia & Pacific,East Asia & Pacific,2014,13.8
LCN,Latin America & Caribbean,Latin America & Caribbean,2014,16.0
ECS,Europe & Central Asia,Europe & Central Asia,2014,8.4
NAC,North America,North America,2014,5.7
SSF,Sub-Saharan Africa,Sub-Saharan Africa,2015,54.2
SAS,South Asia,South Asia,2015,35.2
MEA,"Middle East, North Africa, Afghanistan & Pakistan","Middle East, North Africa, Afghanistan & Pakistan",2015,39.8
EAS,East Asia & Pacific,East Asia & Pacific,2015,13.3
LCN,Latin America & Caribbean,Latin America & Caribbean,2015,15.6
ECS,Europe & Central Asia,Europe & Central Asia,2015,8.1
NAC,North America,North America,2015,5.7
SSF,Sub-Saharan Africa,Sub-Saharan Africa,2016,53.5
SAS,South Asia,South Asia,2016,33.5
MEA,"Middle East, North Africa, Afghanistan & Pakistan","Middle East, North Africa, Afghanistan & Pakistan",2016,38.6
EAS,East Asia & Pacific,East Asia & Pacific,2016,12.6
LCN,Latin America & Caribbean,Latin America & Caribbean,2016,15.9
ECS,Europe & Central Asia,Europe & Central Asia,2016,7.7
NAC,North America,North America,2016,5.6
SSF,Sub-Saharan Africa,Sub-Saharan Africa,2017,53.0
SAS,South Asia,South Asia,2017,31.9
MEA,"Middle East, North Africa, Afghanistan & Pakistan","Middle East, North Africa, Afghanistan & Pakistan",2017,37.7
EAS,East Asia & Pacific,East Asia & Pacific,2017,11.9
LCN,Latin America & Caribbean,Latin America & Caribbean,2017,15.3
ECS,Europe & Central Asia,Europe & Central Asia,2017,7.4
NAC,North America,North America,2017,5.5
SSF,Sub-Saharan Africa,Sub-Saharan Africa,2018,51.1
SAS,South Asia,South Asia,2018,30.3
MEA,"Middle East, North Africa, Afghanistan & Pakistan","Middle East, North Africa, Afghanistan & Pakistan",2018,37.2
EAS,East Asia & Pacific,East Asia & Pacific,2018,11.9
LCN,Latin America & Caribbean,Latin America & Caribbean,2018,14.9
ECS,Europe & Central Asia,Europe & Central Asia,2018,7.3
NAC,North America,North America,2018,5.5
SSF,Sub-Saharan Africa,Sub-Saharan Africa,2019,50.5
SAS,South Asia,South Asia,2019,28.9
MEA,"Middle East, North Africa, Afghanistan & Pakistan","Middle East, North Africa, Afghanistan & Pakistan",2019,36.5
EAS,East Asia & Pacific,East Asia & Pacific,2019,11.5
LCN,Latin America & Caribbean,Latin America & Caribbean,2019,14.6
ECS,Europe & Central Asia,Europe & Central Asia,2019,7.1
NAC,North America,North America,2019,5.4
SSF,Sub-Saharan Africa,Sub-Saharan Africa,2020,49.6
SAS,South Asia,South Asia,2020,27.6
MEA,"Middle East, North Africa, Afghanistan & Pakistan","Middle East, North Africa, Afghanistan & Pakistan",2020,35.7
EAS,East Asia & Pacific,East Asia & Pacific,2020,11.6
LCN,Latin America & Caribbean,Latin America & Caribbean,2020,14.4
ECS,Europe & Central Asia,Europe & Central Asia,2020,7.0
NAC,North America,North America,2020,5.4
SSF,Sub-Saharan Africa,Sub-Saharan Africa,2021,50.4
SAS,South Asia,South Asia,2021,26.3
MEA,"Middle East, North Africa, Afghanistan & Pakistan","Middle East, North Africa, Afghanistan & Pakistan",2021,35.0
EAS,East Asia & Pacific,East Asia & Pacific,2021,11.5
LCN,Latin America & Caribbean,Latin America & Caribbean,2021,14.1
ECS,Europe & Central Asia,Europe & Central Asia,2021,6.9
NAC,North America,North America,2021,5.4
SSF,Sub-Saharan Africa,Sub-Saharan Africa,2022,50.8
SAS,South Asia,South Asia,2022,25.2
MEA,"Middle East, North Africa, Afghanistan & Pakistan","Middle East, North Africa, Afghanistan & Pakistan",2022,34.0
EAS,East Asia & Pacific,East Asia & Pacific,2022,11.4
LCN,Latin America & Caribbean,Latin America & Caribbean,2022,13.9
ECS,Europe & Central Asia,Europe & Central Asia,2022,6.8
NAC,North America,North America,2022,5.4
SSF,Sub-Saharan Africa,Sub-Saharan Africa,2023,48.2
SAS,South Asia,South Asia,2023,24.2
MEA,"Middle East, North Africa, Afghanistan & Pakistan","Middle East, North Africa, Afghanistan & Pakistan",2023,33.0
EAS,East Asia & Pacific,East Asia & Pacific,2023,11.1
LCN,Latin America & Caribbean,Latin America & Caribbean,2023,13.6
ECS,Europe & Central Asia,Europe & Central Asia,2023,6.9
NAC,North America,North America,2023,5.4
SSF,Sub-Saharan Africa,Sub-Saharan Africa,2024,47.1
SAS,South Asia,South Asia,2024,23.2
MEA,"Middle East, North Africa, Afghanistan & Pakistan","Middle East, North Africa, Afghanistan & Pakistan",2024,32.0
EAS,East Asia & Pacific,East Asia & Pacific,2024,10.7
LCN,Latin America & Caribbean,Latin America & Caribbean,2024,13.3
ECS,Europe & Central Asia,Europe & Central Asia,2024,6.6
NAC,North America,North America,2024,5.4
