iso3,entity_name,region_id,region_name,start_year,end_year,internet_start,internet_end,fertility_start,fertility_end,delta_internet,delta_fertility,movement_quadrant
AGO,Angola,SSF,Sub-Saharan Africa,2000,2024,0.105045562462262,40.70479965,6.639,5.048,40.59975408753774,-1.5910000000000002,right_down
ALB,Albania,ECS,Europe & Central Asia,2000,2024,0.114097346552109,85.86389923,2.217,1.341,85.74980188344789,-0.8760000000000001,right_down
AND,Andorra,ECS,Europe & Central Asia,2000,2024,10.53883560922,94.39759827,1.273,1.087,83.85876266078,-0.18599999999999994,right_down
ARE,United Arab Emirates,MEA,"Middle East, North Africa, Afghanistan & Pakistan",2000,2024,23.6253008751553,100.0,2.733,1.213,76.3746991248447,-1.52,right_down
ARG,Argentina,LCN,Latin America & Caribbean,2000,2024,7.0386830862178,89.66715228,2.591,1.504,82.6284691937822,-1.0870000000000002,right_down
ARM,Armenia,ECS,Europe & Central Asia,2000,2024,1.30047002237784,81.33930206,1.3,1.7,80.03883203762216,0.3999999999999999,right_up
ATG,Antigua and Barbuda,LCN,Latin America & Caribbean,2000,2024,6.48222573702907,72.73040009,2.196,1.582,66.24817435297093,-0.6140000000000001,right_down
AUS,Australia,EAS,East Asia & Pacific,2000,2024,46.7561156116738,96.13140106,1.756,1.481,49.3752854483262,-0.2749999999999999,right_down
AUT,Austria,ECS,Europe & Central Asia,2000,2024,33.7301329516915,94.91974877,1.36,1.31,61.189615818308496,-0.050000000000000044,right_down
AZE,Azerbaijan,ECS,Europe & Central Asia,2000,2024,0.147757575623251,90.43979645,2.0,1.43,90.29203887437676,-0.5700000000000001,right_down
BDI,Burundi,SSF,Sub-Saharan Africa,2000,2024,0.077248447383456,8.595999718,6.872,4.789,8.518751270616544,-2.083,right_down
BEL,Belgium,ECS,Europe & Central Asia,2000,2024,29.4316916924341,95.77579144,1.67,1.44,66.3440997475659,-0.22999999999999998,right_down
BEN,Benin,SSF,Sub-Saharan Africa,2000,2024,0.225247851473369,33.98379898,5.937,4.48,33.75855112852663,-1.4569999999999999,right_down
BFA,Burkina Faso,SSF,Sub-Saharan Africa,2000,2024,0.0770801689426014,28.25270081,6.519,4.11,28.1756206410574,-2.409,right_down
BGD,Bangladesh,SAS,South Asia,2000,2024,0.0710394230507683,53.42171316,3.279,2.138,53.35067373694923,-1.141,right_down
BGR,Bulgaria,ECS,Europe & Central Asia,2000,2024,5.37092346908696,82.438955,1.26,1.72,77.06803153091305,0.45999999999999996,right_up
BHR,Bahrain,MEA,"Middle East, North Africa, Afghanistan & Pakistan",2000,2024,6.15373254647607,100.0,2.798,1.805,93.84626745352394,-0.9930000000000001,right_down
BHS,"Bahamas, The",LCN,Latin America & Caribbean,2000,2024,8.0,92.47270203,2.06,1.374,84.47270203,-0.6859999999999999,right_down
BIH,Bosnia and Herzegovina,ECS,Europe & Central Asia,2000,2024,1.08296074971207,86.10091103,1.282,1.492,85.01795028028793,0.20999999999999996,right_up
BLR,Belarus,ECS,Europe & Central Asia,2000,2024,1.86039812615388,94.26182128,1.317,1.217,92.40142315384612,-0.09999999999999987,right_down
BLZ,Belize,LCN,Latin America & Caribbean,2000,2024,5.96383530272428,80.00582262,3.633,2.021,74.04198731727573,-1.612,right_down
BOL,Bolivia,LCN,Latin America & Caribbean,2000,2024,1.4427635847914,79.70469666,3.991,2.523,78.2619330752086,-1.468,right_down
BRA,Brazil,LCN,Latin America & Caribbean,2000,2024,2.87068515854108,84.46347227,2.247,1.614,81.59278711145892,-0.6329999999999998,right_down
BRB,Barbados,LCN,Latin America & Caribbean,2000,2024,3.97367835457927,70.36470032,1.933,1.708,66.39102196542073,-0.2250000000000001,right_down
BRN,Brunei Darussalam,EAS,East Asia & Pacific,2000,2024,8.99628453448726,96.29828801,2.398,1.731,87.30200347551273,-0.667,right_down
BTN,Bhutan,SAS,South Asia,2000,2024,0.40094444691941,91.27739716,3.378,1.449,90.8764527130806,-1.929,right_down
BWA,Botswana,SSF,Sub-Saharan Africa,2000,2024,2.90266662177209,57.45950036,3.294,2.703,54.55683373822791,-0.5910000000000002,right_down
CAF,Central African Republic,SSF,Sub-Saharan Africa,2000,2024,0.0533941742150456,13.78250027,5.851,5.954,13.729106095784955,0.10299999999999976,right_up
CAN,Canada,NAC,North America,2000,2024,51.3,94.353302,1.51,1.25,43.053302,-0.26,right_down
CHE,Switzerland,ECS,Europe & Central Asia,2000,2024,47.1,97.3443985,1.5,1.29,50.244398499999996,-0.20999999999999996,right_down
CHL,Chile,LCN,Latin America & Caribbean,2000,2024,16.6,95.590243,2.046,1.14,78.99024299999999,-0.9059999999999999,right_down
CHN,China,EAS,East Asia & Pacific,2000,2024,1.77591320677415,92.0,1.628,1.013,90.22408679322585,-0.615,right_down
CIV,Cote d'Ivoire,SSF,Sub-Saharan Africa,2000,2024,0.231461670612799,41.43219902,5.773,4.23,41.2007373493872,-1.5429999999999993,right_down
CMR,Cameroon,SSF,Sub-Saharan Africa,2000,2024,0.252120077733662,46.25880051,5.514,4.261,46.006680432266336,-1.2530000000000001,right_down
COD,"Congo, Dem. Rep.",SSF,Sub-Saharan Africa,2000,2024,0.0059021136806903,19.67350006,6.702,5.981,19.667597946319308,-0.7210000000000001,right_down
COG,"Congo, Rep.",SSF,Sub-Saharan Africa,2000,2024,0.0263547320580279,47.25159836,4.724,4.109,47.22524362794198,-0.6150000000000002,right_down
COL,Colombia,LCN,Latin America & Caribbean,2000,2024,2.207532992624,79.34543299,2.574,1.634,77.13789999737601,-0.94,right_down
COM,Comoros,SSF,Sub-Saharan Africa,2000,2024,0.271740607285909,32.51750183,5.227,3.822,32.245761222714094,-1.4050000000000002,right_down
CPV,Cabo Verde,SSF,Sub-Saharan Africa,2000,2024,1.82244385164396,74.73519897,3.545,1.511,72.91275511835605,-2.034,right_down
CRI,Costa Rica,LCN,Latin America & Caribbean,2000,2024,5.80025302331829,87.17019653,2.413,1.318,81.36994350668171,-1.0949999999999998,right_down
CUB,Cuba,LCN,Latin America & Caribbean,2000,2024,0.541182548811058,70.47699738,1.608,1.445,69.93581483118894,-0.16300000000000003,right_down
CYP,Cyprus,ECS,Europe & Central Asia,2000,2024,15.2553943710137,89.60099246,1.638,1.38,74.34559808898629,-0.258,right_down
CZE,Czechia,ECS,Europe & Central Asia,2000,2024,9.78052788834393,87.68776014,1.15,1.36,77.90723225165607,0.2100000000000002,right_up
DEU,Germany,ECS,Europe & Central Asia,2000,2024,30.2163466048889,93.49999579,1.38,1.36,63.2836491851111,-0.019999999999999796,right_down
DJI,Djibouti,MEA,"Middle East, North Africa, Afghanistan & Pakistan",2000,2024,0.194500528399956,65.29889679,4.601,2.618,65.10439626160004,-1.983,right_down
DMA,Dominica,LCN,Latin America & Caribbean,2000,2024,8.81484419762881,82.04689789,2.346,1.48,73.23205369237118,-0.8660000000000001,right_down
DNK,Denmark,ECS,Europe & Central Asia,2000,2024,39.1724308555053,99.76915157,1.77,1.47,60.59672071449471,-0.30000000000000004,right_down
DOM,Dominican Republic,LCN,Latin America & Caribbean,2000,2024,3.70469235587688,91.0022446,2.869,2.222,87.29755224412311,-0.6470000000000002,right_down
DZA,Algeria,MEA,"Middle East, North Africa, Afghanistan & Pakistan",2000,2024,0.491705679141589,77.4178009,2.59,2.723,76.92609522085841,0.133,right_up
ECU,Ecuador,LCN,Latin America & Caribbean,2000,2024,1.46218853556457,77.17273115,3.102,1.806,75.71054261443544,-1.2959999999999998,right_down
EGY,"Egypt, Arab Rep.",MEA,"Middle East, North Africa, Afghanistan & Pakistan",2000,2024,0.641265037504813,74.64839935,3.505,2.735,74.0071343124952,-0.77,right_down
ESP,Spain,ECS,Europe & Central Asia,2000,2024,13.6249608089899,95.7574516,1.22,1.1,82.1324907910101,-0.11999999999999988,right_down
EST,Estonia,ECS,Europe & Central Asia,2000,2024,28.5769538105646,92.23796204,1.36,1.18,63.661008229435396,-0.18000000000000016,right_down
ETH,Ethiopia,SSF,Sub-Saharan Africa,2000,2024,0.0152637672082567,21.94129944,6.654,3.909,21.926035672791745,-2.745,right_down
FIN,Finland,ECS,Europe & Central Asia,2000,2024,37.2484617371121,93.72405196,1.73,1.25,56.475590222887895,-0.48,right_down
FJI,Fiji,EAS,East Asia & Pacific,2000,2024,1.4968547339902,74.7052002,2.992,2.27,73.20834546600979,-0.722,right_down
FRA,France,ECS,Europe & Central Asia,2000,2024,14.3079239430677,88.65381638,1.89,1.61,74.3458924369323,-0.2799999999999998,right_down
FSM,"Micronesia, Fed. Sts.",EAS,East Asia & Pacific,2000,2024,3.73486213690137,39.52360153,4.217,2.743,35.78873939309863,-1.4739999999999998,right_down
GAB,Gabon,SSF,Sub-Saharan Africa,2000,2024,1.21614061828589,68.72090149,4.469,3.592,67.50476087171411,-0.8770000000000002,right_down
GBR,United Kingdom,ECS,Europe & Central Asia,2000,2024,26.8217543508578,95.4720993,1.64,1.551,68.6503449491422,-0.08899999999999997,right_down
GEO,Georgia,ECS,Europe & Central Asia,2000,2024,0.484746298540492,83.79855689,1.609,1.802,83.31381059145951,0.19300000000000006,right_up
GHA,Ghana,SSF,Sub-Saharan Africa,2000,2024,0.153615297625799,72.17569733,4.827,3.344,72.0220820323742,-1.483,right_down
GIN,Guinea,SSF,Sub-Saharan Africa,2000,2024,0.0954249236063846,33.30469894,5.918,4.131,33.209274016393614,-1.787,right_down
GMB,"Gambia, The",SSF,Sub-Saharan Africa,2000,2024,0.921794919066406,49.49430084,5.716,3.907,48.572505920933594,-1.8090000000000002,right_down
GNB,Guinea-Bissau,SSF,Sub-Saharan Africa,2000,2024,0.230103170591588,29.77739906,5.786,3.757,29.547295889408414,-2.0289999999999995,right_down
GNQ,Equatorial Guinea,SSF,Sub-Saharan Africa,2000,2024,0.132354665123789,63.29930115,5.834,4.116,63.166946484876206,-1.718,right_down
GRC,Greece,ECS,Europe & Central Asia,2000,2024,9.13883730776798,86.26968886,1.25,1.24,77.13085155223202,-0.010000000000000009,right_down
GRD,Grenada,LCN,Latin America & Caribbean,2000,2024,4.06390799146313,70.16159821,2.441,1.472,66.09769021853687,-0.9689999999999999,right_down
GTM,Guatemala,LCN,Latin America & Caribbean,2000,2024,0.712332904508925,60.22140121,4.583,2.287,59.50906830549108,-2.2960000000000003,right_down
GUY,Guyana,LCN,Latin America & Caribbean,2000,2024,0.6,83.00080109,3.057,2.395,82.40080109,-0.6619999999999999,right_down
HKG,"Hong Kong SAR, China",EAS,East Asia & Pacific,2000,2024,27.8277606812581,95.75536971,1.032,0.841,67.9276090287419,-0.19100000000000006,right_down
HND,Honduras,LCN,Latin America & Caribbean,2000,2024,1.20385599891878,58.62269974,4.289,2.476,57.41884374108122,-1.8129999999999997,right_down
HRV,Croatia,ECS,Europe & Central Asia,2000,2024,6.64488254374396,83.63240029,1.39,1.46,76.98751774625605,0.07000000000000006,right_up
HTI,Haiti,LCN,Latin America & Caribbean,2000,2024,0.231270714628821,47.8614006,4.39,2.625,47.63012988537118,-1.7649999999999997,right_down
HUN,Hungary,ECS,Europe & Central Asia,2000,2024,6.99967635062916,93.77898628,1.32,1.41,86.77930992937084,0.08999999999999986,right_up
IDN,Indonesia,EAS,East Asia & Pacific,2000,2024,0.925563864466858,72.78075544,2.503,2.115,71.85519157553314,-0.3879999999999999,right_down
IND,India,SAS,South Asia,2000,2024,0.527532449930946,64.9434967,3.35,1.962,64.41596425006905,-1.3880000000000001,right_down
IRL,Ireland,ECS,Europe & Central Asia,2000,2024,17.8504672405807,97.18769836,1.89,1.47,79.3372311194193,-0.41999999999999993,right_down
IRN,"Iran, Islamic Rep.",MEA,"Middle East, North Africa, Afghanistan & Pakistan",2000,2024,0.934190019959829,85.3404007,1.999,1.684,84.40621068004018,-0.31500000000000017,right_down
ISL,Iceland,ECS,Europe & Central Asia,2000,2024,44.470533824288,98.209198,2.08,1.56,53.738664175712,-0.52,right_down
ISR,Israel,MEA,"Middle East, North Africa, Afghanistan & Pakistan",2000,2024,20.8737899981674,88.18242225,2.95,2.87,67.3086322518326,-0.08000000000000007,right_down
ITA,Italy,ECS,Europe & Central Asia,2000,2024,23.1108742441037,89.2207202,1.26,1.18,66.1098459558963,-0.08000000000000007,right_down
JAM,Jamaica,LCN,Latin America & Caribbean,2000,2024,3.11577802729967,90.10870361,2.345,1.351,86.99292558270034,-0.9940000000000002,right_down
JOR,Jordan,MEA,"Middle East, North Africa, Afghanistan & Pakistan",2000,2024,2.62327542156362,95.62244985,3.864,2.604,92.99917442843638,-1.2599999999999998,right_down
JPN,Japan,EAS,East Asia & Pacific,2000,2024,29.9907403589142,85.54153081,1.36,1.15,55.5507904510858,-0.2100000000000002,right_down
KAZ,Kazakhstan,ECS,Europe & Central Asia,2000,2024,0.668594402621264,93.39167254,1.898,2.984,92.72307813737874,1.086,right_up
KEN,Kenya,SSF,Sub-Saharan Africa,2000,2024,0.318059713612037,34.97622513,5.136,3.167,34.658165416387966,-1.9690000000000003,right_down
KGZ,Kyrgyz Republic,ECS,Europe & Central Asia,2000,2024,1.04140114469361,92.0286026,2.4,2.6,90.98720145530639,0.20000000000000018,right_up
KHM,Cambodia,EAS,East Asia & Pacific,2000,2024,0.047022640068885,68.47530365,3.794,2.548,68.42828100993111,-1.246,right_down
KIR,Kiribati,EAS,East Asia & Pacific,2000,2024,1.78522547397736,89.44029999,4.071,3.124,87.65507451602264,-0.9469999999999996,right_down
KNA,St. Kitts and Nevis,LCN,Latin America & Caribbean,2000,2024,5.86281024037522,76.88400269,2.126,1.526,71.02119244962478,-0.5999999999999999,right_down
KOR,"Korea, Rep.",EAS,East Asia & Pacific,2000,2024,44.7,97.89563777,1.48,0.748,53.19563776999999,-0.732,right_down
KWT,Kuwait,MEA,"Middle East, North Africa, Afghanistan & Pakistan",2000,2024,6.73139576837536,99.74729919,2.887,1.56,93.01590342162464,-1.327,right_down
LAO,Lao PDR,EAS,East Asia & Pacific,2000,2024,0.111044032290124,65.59269714,4.429,2.397,65.48165310770987,-2.0320000000000005,right_down
LBN,Lebanon,MEA,"Middle East, North Africa, Afghanistan & Pakistan",2000,2024,7.95274373635276,80.63400269,2.6,2.227,72.68125895364724,-0.3730000000000002,right_down
LBR,Liberia,SSF,Sub-Saharan Africa,2000,2024,0.0177027057169472,32.23360062,5.875,3.864,32.21589791428305,-2.011,right_down
LBY,Libya,MEA,"Middle East, North Africa, Afghanistan & Pakistan",2000,2024,0.187042622337565,81.95449829,2.906,2.298,81.76745566766243,-0.6080000000000001,right_down
LCA,St. Lucia,LCN,Latin America & Caribbean,2000,2024,5.09048334139327,68.20500183,2.207,1.385,63.114518488606734,-0.8219999999999998,right_down
LIE,Liechtenstein,ECS,Europe & Central Asia,2000,2024,36.5152298938015,98.2641983,1.57,1.37,61.74896840619851,-0.19999999999999996,right_down
LKA,Sri Lanka,SAS,South Asia,2000,2024,0.647410010940963,54.59,2.213,1.952,53.94258998905904,-0.2610000000000001,right_down
LSO,Lesotho,SSF,Sub-Saharan Africa,2000,2024,0.211806070361977,51.79660034,3.605,2.664,51.58479426963802,-0.9409999999999998,right_down
LTU,Lithuania,ECS,Europe & Central Asia,2000,2024,6.42706749477765,89.16116293,1.39,1.11,82.73409543522236,-0.2799999999999998,right_down
LUX,Luxembourg,ECS,Europe & Central Asia,2000,2024,22.8873279731211,98.7606147,1.76,1.25,75.8732867268789,-0.51,right_down
LVA,Latvia,ECS,Europe & Central Asia,2000,2024,6.31906208267861,92.70757011,1.25,1.24,86.3885080273214,-0.010000000000000009,right_down
MAC,"Macao SAR, China",EAS,East Asia & Pacific,2000,2024,13.6085897418451,89.82640076,0.933,0.582,76.2178110181549,-0.3510000000000001,right_down
MAR,Morocco,MEA,"Middle East, North Africa, Afghanistan & Pakistan",2000,2024,0.693791244805455,91.2,2.774,2.208,90.50620875519455,-0.5659999999999998,right_down
MCO,Monaco,ECS,Europe & Central Asia,2000,2024,42.1848634460346,99.04489899,2.082,2.102,56.860035543965395,0.020000000000000018,right_up
MDA,Moldova,ECS,Europe & Central Asia,2000,2024,1.28284641670022,77.3687973,1.496,1.726,76.08595088329977,0.22999999999999998,right_up
MDG,Madagascar,SSF,Sub-Saharan Africa,2000,2024,0.196394691006341,18.67790031,5.665,3.912,18.48150561899366,-1.7530000000000001,right_down
MDV,Maldives,SAS,South Asia,2000,2024,2.2038729393788,85.23999786,2.691,1.56,83.0361249206212,-1.1309999999999998,right_down
MEX,Mexico,LCN,Latin America & Caribbean,2000,2024,5.08138415338066,83.12233799,2.714,1.892,78.04095383661935,-0.8220000000000001,right_down
MHL,Marshall Islands,EAS,East Asia & Pacific,2000,2024,1.53427179624871,65.915802,4.695,2.864,64.38153020375128,-1.8310000000000004,right_down
MKD,North Macedonia,ECS,Europe & Central Asia,2000,2024,2.48556631640066,93.6,1.863,1.4,91.11443368359933,-0.4630000000000001,right_down
MLI,Mali,SSF,Sub-Saharan Africa,2000,2024,0.142545755049184,36.80149841,6.886,5.51,36.65895265495082,-1.3760000000000003,right_down
MLT,Malta,MEA,"Middle East, North Africa, Afghanistan & Pakistan",2000,2024,13.1137087111024,93.86029816,1.68,1.01,80.7465894488976,-0.6699999999999999,right_down
MNG,Mongolia,EAS,East Asia & Pacific,2000,2024,1.25565200358112,85.12349701,2.2,2.5,83.86784500641888,0.2999999999999998,right_up
MOZ,Mozambique,SSF,Sub-Saharan Africa,2000,2024,0.109592530041641,20.52729988,5.83,4.69,20.41770734995836,-1.1399999999999997,right_down
MRT,Mauritania,SSF,Sub-Saharan Africa,2000,2024,0.192031462434805,45.77939987,5.456,4.625,45.587368407565194,-0.8310000000000004,right_down
MUS,Mauritius,SSF,Sub-Saharan Africa,2000,2024,7.28153511499385,73.30793533,1.99,1.44,66.02640021500616,-0.55,right_down
MWI,Malawi,SSF,Sub-Saharan Africa,2000,2024,0.126780944756387,18.96159935,6.002,3.59,18.834818405243613,-2.412,right_down
MYS,Malaysia,EAS,East Asia & Pacific,2000,2024,21.3847311644538,98.0206059,2.942,1.543,76.63587473554621,-1.3990000000000002,right_down
NAM,Namibia,SSF,Sub-Saharan Africa,2000,2024,1.64473954726899,64.87460327,3.991,3.211,63.229863722731004,-0.7800000000000002,right_down
NER,Niger,SSF,Sub-Saharan Africa,2000,2024,0.0362612938065891,15.55760002,7.829,5.935,15.521338726193411,-1.8940000000000001,right_down
NGA,Nigeria,SSF,Sub-Saharan Africa,2000,2024,0.0640808079494101,41.21139908,6.124,4.382,41.14731827205059,-1.742,right_down
NIC,Nicaragua,LCN,Latin America & Caribbean,2000,2024,0.980216486692385,61.39550018,3.12,2.206,60.415283693307614,-0.9140000000000001,right_down
NLD,Netherlands,ECS,Europe & Central Asia,2000,2024,43.984351373138,97.00679779,1.72,1.43,53.022446416861996,-0.29000000000000004,right_down
NOR,Norway,ECS,Europe & Central Asia,2000,2024,52.0,99.0,1.85,1.45,47.0,-0.40000000000000013,right_down
NPL,Nepal,SAS,South Asia,2000,2024,0.204651683653029,46.32189941,3.984,1.961,46.117247726346974,-2.0229999999999997,right_down
NZL,New Zealand,EAS,East Asia & Pacific,2000,2024,47.3795565432096,93.51930237,1.98,1.57,46.1397458267904,-0.4099999999999999,right_down
OMN,Oman,MEA,"Middle East, North Africa, Afghanistan & Pakistan",2000,2024,3.52042141651097,95.25174678,3.852,2.508,91.73132536348903,-1.3439999999999999,right_down
PAN,Panama,LCN,Latin America & Caribbean,2000,2024,6.55479647729549,72.77149963,2.744,2.106,66.2167031527045,-0.6380000000000003,right_down
PER,Peru,LCN,Latin America & Caribbean,2000,2024,3.07643061137675,81.95705992,2.845,1.965,78.88062930862326,-0.8800000000000001,right_down
PHL,Philippines,EAS,East Asia & Pacific,2000,2024,1.98225319605827,67.26300914,3.754,1.894,65.28075594394173,-1.86,right_down
PNG,Papua New Guinea,EAS,East Asia & Pacific,2000,2024,0.835249302427624,18.81159973,4.525,3.072,17.976350427572378,-1.4530000000000003,right_down
POL,Poland,ECS,Europe & Central Asia,2000,2024,7.2854287080601,88.58496367,1.37,1.14,81.2995349619399,-0.2300000000000002,right_down
PRT,Portugal,ECS,Europe & Central Asia,2000,2024,16.4304676923534,88.48704454,1.55,1.41,72.0565768476466,-0.14000000000000012,right_down
PRY,Paraguay,LCN,Latin America & Caribbean,2000,2024,0.747630711548184,81.57806793,3.508,2.416,80.83043721845182,-1.092,right_down
QAT,Qatar,MEA,"Middle East, North Africa, Afghanistan & Pakistan",2000,2024,4.86367917875156,98.08540344,3.073,1.717,93.22172426124844,-1.3559999999999999,right_down
ROU,Romania,ECS,Europe & Central Asia,2000,2024,3.61371729139783,91.29048551,1.31,1.39,87.67676821860216,0.07999999999999985,right_up
RUS,Russian Federation,ECS,Europe & Central Asia,2000,2024,1.97723010897647,94.36495368,1.195,1.418,92.38772357102353,0.22299999999999986,right_up
RWA,Rwanda,SSF,Sub-Saharan Africa,2000,2024,0.0628314595107164,31.70330048,5.967,3.645,31.640469020489284,-2.3219999999999996,right_down
SAU,Saudi Arabia,MEA,"Middle East, North Africa, Afghanistan & Pakistan",2000,2024,2.21069180908888,100.0,4.206,2.308,97.78930819091111,-1.8980000000000006,right_down
SEN,Senegal,SSF,Sub-Saharan Africa,2000,2024,0.403967485868965,60.11780167,5.498,3.765,59.71383418413103,-1.733,right_down
SGP,Singapore,EAS,East Asia & Pacific,2000,2024,36.0,94.37757178,1.6,0.97,58.37757178,-0.6300000000000001,right_down
SLB,Solomon Islands,EAS,East Asia & Pacific,2000,2024,0.481296806114395,29.04070091,4.757,3.513,28.55940410388561,-1.2439999999999998,right_down
SLE,Sierra Leone,SSF,Sub-Saharan Africa,2000,2024,0.118254245682183,25.10499954,6.355,3.703,24.986745294317817,-2.6520000000000006,right_down
SLV,El Salvador,LCN,Latin America & Caribbean,2000,2024,1.17739726914477,66.47769928,3.076,1.768,65.30030201085522,-1.308,right_down
SMR,San Marino,ECS,Europe & Central Asia,2000,2024,48.7994953055999,97.35220337,1.404,1.158,48.5527080644001,-0.246,right_down
SOM,"Somalia, Fed. Rep.",SSF,Sub-Saharan Africa,2000,2024,0.02,27.94020081,7.645,6.013,27.92020081,-1.6319999999999997,right_down
STP,Sao Tome and Principe,SSF,Sub-Saharan Africa,2000,2024,4.6385168164075,59.11759949,5.157,3.596,54.4790826735925,-1.561,right_down
SVK,Slovak Republic,ECS,Europe & Central Asia,2000,2024,9.42680320061637,89.82507032,1.3,1.46,80.39826711938363,0.15999999999999992,right_up
SVN,Slovenia,ECS,Europe & Central Asia,2000,2024,15.1102595640388,90.76355487,1.26,1.52,75.6532953059612,0.26,right_up
SWE,Sweden,ECS,Europe & Central Asia,2000,2024,45.6876522122282,95.52930428,1.54,1.43,49.841652067771804,-0.1100000000000001,right_down
SWZ,Eswatini,SSF,Sub-Saharan Africa,2000,2024,0.926191777269401,63.40309906,4.03,2.718,62.4769072827306,-1.3120000000000003,right_down
SYC,Seychelles,SSF,Sub-Saharan Africa,2000,2024,7.39562918315276,87.81800079,2.08,1.85,80.42237160684724,-0.22999999999999998,right_down
TCD,Chad,SSF,Sub-Saharan Africa,2000,2024,0.03570707628555,12.62689972,7.249,6.028,12.59119264371445,-1.221,right_down
TGO,Togo,SSF,Sub-Saharan Africa,2000,2024,0.8,39.48320007,5.1652,4.121673,38.683200070000005,-1.0435269999999992,right_down
THA,Thailand,EAS,East Asia & Pacific,2000,2024,3.68904127944164,90.86718789,1.734,1.204,87.17814661055836,-0.53,right_down
TJK,Tajikistan,ECS,Europe & Central Asia,2000,2024,0.048599594582182,55.79339981,3.49,3.036,55.74480021541781,-0.4540000000000002,right_down
TON,Tonga,EAS,East Asia & Pacific,2000,2024,2.4343980443669,67.4417038,4.159,3.1,65.0073057556331,-1.0589999999999997,right_down
TTO,Trinidad and Tobago,LCN,Latin America & Caribbean,2000,2024,7.72141147401745,82.15989685,1.732,1.536,74.43848537598255,-0.19599999999999995,right_down
TUN,Tunisia,MEA,"Middle East, North Africa, Afghanistan & Pakistan",2000,2024,2.75074029298135,76.5,2.025,1.818,73.74925970701865,-0.20699999999999985,right_down
TUR,Turkiye,ECS,Europe & Central Asia,2000,2024,3.761685035075,87.3078767,2.487,1.48,83.54619166492499,-1.0070000000000001,right_down
TZA,Tanzania,SSF,Sub-Saharan Africa,2000,2024,0.11719444010825,31.16209984,5.67,4.541,31.04490539989175,-1.1289999999999996,right_down
UGA,Uganda,SSF,Sub-Saharan Africa,2000,2024,0.163714063074854,8.949831061,6.788,4.165,8.786116997925145,-2.623,right_down
UKR,Ukraine,ECS,Europe & Central Asia,2000,2024,0.716183762031043,82.47489929,1.108,0.988,81.75871552796896,-0.1200000000000001,right_down
URY,Uruguay,LCN,Latin America & Caribbean,2000,2024,10.5390577480141,91.99109007,2.196,1.397,81.4520323219859,-0.7990000000000002,right_down
USA,United States,NAC,North America,2000,2024,43.0791626375201,94.69380188,2.056,1.6265,51.614639242479896,-0.4295,right_down
UZB,Uzbekistan,ECS,Europe & Central Asia,2000,2024,0.484347307694947,89.50550079,2.696,3.486,89.02115348230505,0.79,right_up
VCT,St. Vincent and the Grenadines,LCN,Latin America & Caribbean,2000,2024,3.24503741064558,76.19010162,2.306,1.761,72.94506420935441,-0.5450000000000002,right_down
VEN,"Venezuela, RB",LCN,Latin America & Caribbean,2000,2024,3.3595974645036,76.67890167,2.79,2.077,73.31930420549641,-0.7130000000000001,right_down
VNM,Viet Nam,EAS,East Asia & Pacific,2000,2024,0.254248275754934,84.15,2.028,1.895,83.89575172424507,-0.133,right_down
ZAF,South Africa,SSF,Sub-Saharan Africa,2000,2024,5.34855973203537,78.35759735,2.413,2.205,73.00903761796464,-0.20799999999999974,right_down
ZMB,Zambia,SSF,Sub-Saharan Africa,2000,2024,0.191071642503428,17.10099983,5.921,4.036,16.909928187496572,-1.8850000000000007,right_down
ZWE,Zimbabwe,SSF,Sub-Saharan Africa,2000,2024,0.401433535211582,41.64279938,4.009,3.674,41.24136584478842,-0.3350000000000004,right_down
